ModifiedPeptide	PrecursorCharge	PrecursorMz	ProductMz	LibraryIntensity	FragmentType	FragmentSeriesNumber	FragmentCharge	ProteinId	Tr_recalibrated	PredictionModel
PEPTIDEK	2	450.2301	175.1191	950.0	y	7	1	P_TOY_1	4.2	MS2PIP
PEPTIDEK	2	450.2301	612.3002	900.0	y	5	1	P_TOY_1	4.2	MS2PIP
PEPTIDEK	2	450.2301	415.2	700.0	b	4	1	P_TOY_1	4.2	MS2PIP
PEPTIDEK	2	450.2301	301.1502	650.0	b	3	1	P_TOY_1	4.2	MS2PIP
PEPTIDEK	2	450.2301	389.2101	150.0	y	3	1	P_TOY_1	4.2	MS2PIP
PEPTIDEK	2	450.2301	214.0901	50.0	b	2	1	P_TOY_1	4.2	MS2PIP
ACDEK	2	303.12	147.061	550.0	b	2	1	P_TOY_2	2.1	MS2PIP
ACDEK	2	303.12	276.101	250.0	y	3	1	P_TOY_2	2.1	MS2PIP
ACDEK	2	303.12	388.16	200.0	y	4	1	P_TOY_2	2.1	MS2PIP
TIEPEPTIDER	3	512.3	310.11	1000.0	y	4	1	P_TOY_3	6.5	MS2PIP
TIEPEPTIDER	3	512.3	402.19	850.0	b	5	1	P_TOY_3	6.5	MS2PIP
TIEPEPTIDER	3	512.3	280.13	800.0	b	3	1	P_TOY_3	6.5	MS2PIP
TIEPEPTIDER	3	512.3	520.26	100.0	y	6	2	P_TOY_3	6.5	MS2PIP
